,,accuracy,f1,precision,recall
0,GLoHBCD,0.8120915032679739,0.7455513573911534,0.7397502670940171,0.7534556913041965
0,Instagram Data,0.676923076923077,0.45076059254539663,0.5814899774138904,0.4176752249712721
0,Smoke Stop Forum,0.8674157303370786,0.7901012881925673,0.8189015365761689,0.7654725431902445
0,Synthetic GPT3 Data,0.8518518518518519,0.8957219251336899,0.9047619047619048,0.9230769230769231
0,Health Coach Dialogue Corpus,0.7941176470588235,0.82886514307365,0.844785542091989,0.8178618744795215
0,DARN-CT-based Wizard of Oz Dialogues,0.75,0.5565804935370153,0.6265182186234818,0.5515873015873015
0,Optifast Mock-Chatbot,0.8253968253968254,0.48032619775739044,0.46029874213836475,0.51875
