,,accuracy,f1,precision,recall
0,GLoHBCD,0.2973856209150327,0.276473771693156,0.3079886815312495,0.40853728310295045
0,Instagram Data,0.2948717948717949,0.28504891688262113,0.3216870947628959,0.3658264453049987
0,Smoke Stop Forum,0.24943820224719102,0.21865711982037137,0.2544947716602646,0.34808420261172424
0,Synthetic GPT3 Data,0.3888888888888889,0.3700757575757576,0.4023809523809524,0.4519230769230769
0,Health Coach Dialogue Corpus,0.38235294117647056,0.37076156474757854,0.39570968484011965,0.44757173139526085
0,DARN-CT-based Wizard of Oz Dialogues,0.3333333333333333,0.28743961352657005,0.33506493506493507,0.3202380952380952
0,Optifast Mock-Chatbot,0.12698412698412698,0.08016194331983806,0.20915032679738563,0.15625
