,,accuracy,f1,precision,recall
0,GLoHBCD,0.8211640211640212,0.7477844340218249,0.7695452192734802,0.7301173277109106
0,Instagram Data,0.6622807017543859,0.6122472128339703,0.6270027303827932,0.6064252572824002
0,Smoke Stop Forum,0.7408491947291361,0.6304585709649001,0.6467190515577612,0.6185639345049457
0,Synthetic GPT3 Data,0.8918918918918919,0.8299106559976125,0.8564745196324144,0.8118301451634785
0,Health Coach Dialogue Corpus,0.6732283464566929,0.6718565392475143,0.7050730974973399,0.6765603677368383
0,DARN-CT-based Wizard of Oz Dialogues,0.7375,0.7521250033203177,0.8117008777386135,0.7887205387205388
0,Optifast Mock-Chatbot,0.7444444444444445,0.60431293454858,0.6570722306016424,0.594926859632742
