,Testset,-,+,R,TS,C,_,a,d,n
0,instagram,-,-,0.7187141216991964,0.6814814814814815,0.5555555555555555,0.8035714285714285,0.37837837837837834,0.3440860215053763,0.4255319148936171
0,nonsmoking,0.5177111716621253,0.8150470219435737,0.8513513513513513,0.638157894736842,0.5606060606060607,0.9267515923566879,0.6987951807228915,0.8225806451612904,0.7567567567567567
0,optifast,0.5625,0.8852459016393444,0.8727272727272727,0.6666666666666666,0.5217391304347826,0.9247311827956989,0.6666666666666665,0.6666666666666666,0.0
0,synthetic,0.7333333333333333,0.8181818181818183,0.9615384615384615,0.8275862068965517,0.9333333333333333,0.875,0.8387096774193548,1.0,0.9565217391304348
0,virtualcoach,0.41935483870967744,0.9164733178654293,0.7562189054726367,0.7719298245614035,0.7290969899665553,0.7837837837837838,0.6818181818181819,0.868421052631579,1.0
0,WoZ,0.3333333333333333,0.9705882352941176,0.8157894736842105,0.8571428571428572,0.6666666666666667,0.9090909090909091,1.0,0.9523809523809523,0.8
0,test,0.6066176470588235,0.8358895705521473,0.901294498381877,0.7483296213808465,0.6936416184971098,0.866504854368932,0.5730994152046783,0.7666666666666666,0.6753246753246753
